{
  "dmg": {
    "min": -0.8724933929828468,
    "max": 2.907883843503687,
    "count": 108
  },
  "dmp": {
    "min": -2.989354320813072,
    "max": 1.8604885261960769,
    "count": 108
  },
  "rmp": {
    "min": -1.729206383050224,
    "max": 2.5718216199806196,
    "count": 108
  },
  "densidade": {
    "min": -0.5638572453684061,
    "max": 4.63589912933746,
    "count": 108
  },
  "estoque_c": {
    "min": -1.0541501752988582,
    "max": 5.684333651659117,
    "count": 108
  },
  "na": {
    "min": 0.7,
    "max": 45.3,
    "count": 108
  },
  "icv": {
    "min": -2.9500916541857793,
    "max": 1.6590084585897358,
    "count": 108
  },
  "altura": {
    "min": 1.5,
    "max": 2.4,
    "count": 108
  },
  "diam_espiga": {
    "min": 39.4,
    "max": 57.6,
    "count": 108
  },
  "comp_espiga": {
    "min": 15.6,
    "max": 25.6,
    "count": 108
  },
  "n_plantas": {
    "min": 10833.333333333334,
    "max": 20166.666666666668,
    "count": 108
  },
  "n_espigas": {
    "min": 9333.333333333334,
    "max": 20666.666666666668,
    "count": 108
  },
  "n_espigas_com": {
    "min": 1833.3333333333333,
    "max": 13833.333333333334,
    "count": 108
  },
  "peso_espigas": {
    "min": 366.6666666666667,
    "max": 3500.0,
    "count": 108
  },
  "produtividade": {
    "min": 1833.3333333333333,
    "max": 13833.333333333334,
    "count": 108
  }
}