{
  "dmg": {
    "min": -0.6469518616592149,
    "max": 6.298769999112172,
    "count": 108
  },
  "dmp": {
    "min": -1.0085651234574193,
    "max": 3.1530982246592427,
    "count": 108
  },
  "rmp": {
    "min": -0.8191146707798682,
    "max": 3.774827417705909,
    "count": 108
  },
  "densidade": {
    "min": -1.2798731637867655,
    "max": 4.786040977084525,
    "count": 108
  },
  "estoque_c": {
    "min": -1.0541501752988582,
    "max": 5.684333651659117,
    "count": 108
  },
  "na": {
    "min": 0.7,
    "max": 45.3,
    "count": 108
  },
  "icv": {
    "min": -2.9500916541857793,
    "max": 1.6590084585897358,
    "count": 108
  },
  "altura": {
    "min": 1.5,
    "max": 2.4,
    "count": 108
  },
  "diam_espiga": {
    "min": 39.4,
    "max": 57.6,
    "count": 108
  },
  "comp_espiga": {
    "min": 15.6,
    "max": 25.6,
    "count": 108
  },
  "n_plantas": {
    "min": 10833.333333333334,
    "max": 20166.666666666668,
    "count": 108
  },
  "n_espigas": {
    "min": 9333.333333333334,
    "max": 20666.666666666668,
    "count": 108
  },
  "n_espigas_com": {
    "min": 1833.3333333333333,
    "max": 13833.333333333334,
    "count": 108
  },
  "peso_espigas": {
    "min": 366.6666666666667,
    "max": 3500.0,
    "count": 108
  },
  "produtividade": {
    "min": 1833.3333333333333,
    "max": 13833.333333333334,
    "count": 108
  }
}